layer_name,alpha_sign,clean_mean,clean_std,perturbed_mean,perturbed_std,relative_l2,cosine_similarity,mean_shift,std_ratio,max_abs_error,p95_error,sign_flip_ratio,zero_fraction_change,saturation_ratio
conv1.module,neg_04,0.00040781270945444703,0.43985864520072937,0.00040781270945444703,0.43985864520072937,0.0,1.0,0.0,1.0,0.0,0.0,0.0,0.0,0.0
conv1.module,pos_04,0.00040781270945444703,0.43985864520072937,0.00040781270945444703,0.43985864520072937,0.0,1.0,0.0,1.0,0.0,0.0,0.0,0.0,0.0
fc.module,neg_04,-0.00038463922101072967,3.63399338722229,-0.0007630527252331376,7.156399726867676,0.9782760739326477,0.9955582618713379,-0.00037841350422240794,1.9692935943603516,15.1718111038208,9.650629997253418,0.03437500074505806,0.0,0.5335937738418579
fc.module,pos_04,-0.00038463922101072967,3.63399338722229,-0.00021054148965049535,1.493691086769104,0.6053571701049805,0.9761878252029419,0.00017409773136023432,0.4110329747200012,9.659490585327148,6.164382457733154,0.10234375298023224,0.0,0.13359375298023224
layer1.0.conv1.module,neg_04,-0.12204496562480927,0.2712569236755371,-0.12204496562480927,0.2712569236755371,0.0,0.9999998807907104,0.0,1.0,0.0,0.0,0.0,0.0,0.0
layer1.0.conv1.module,pos_04,-0.12204496562480927,0.2712569236755371,-0.12204496562480927,0.2712569236755371,0.0,0.9999998807907104,0.0,1.0,0.0,0.0,0.0,0.0,0.0
layer1.0.conv2.module,neg_04,-0.049637481570243835,0.1739051640033722,-0.049637481570243835,0.1739051640033722,0.0,0.9999997615814209,0.0,1.0,0.0,0.0,0.0,0.0,0.0
layer1.0.conv2.module,pos_04,-0.049637481570243835,0.1739051640033722,-0.049637481570243835,0.1739051640033722,0.0,0.9999997615814209,0.0,1.0,0.0,0.0,0.0,0.0,0.0
layer1.1.conv1.module,neg_04,-0.21588686108589172,0.42525535821914673,-0.21588686108589172,0.42525535821914673,0.0,1.0,0.0,1.0,0.0,0.0,0.0,0.0,0.0
layer1.1.conv1.module,pos_04,-0.21588686108589172,0.42525535821914673,-0.21588686108589172,0.42525535821914673,0.0,1.0,0.0,1.0,0.0,0.0,0.0,0.0,0.0
layer1.1.conv2.module,neg_04,-0.04432603716850281,0.16966696083545685,-0.04432603716850281,0.16966696083545685,0.0,1.0,0.0,1.0,0.0,0.0,0.0,0.0,0.0
layer1.1.conv2.module,pos_04,-0.04432603716850281,0.16966696083545685,-0.04432603716850281,0.16966696083545685,0.0,1.0,0.0,1.0,0.0,0.0,0.0,0.0,0.0
layer2.0.conv1.module,neg_04,-0.1399097442626953,0.35498595237731934,-0.1399097442626953,0.35498595237731934,0.0,0.9999998807907104,0.0,1.0,0.0,0.0,0.0,0.0,0.0
layer2.0.conv1.module,pos_04,-0.1399097442626953,0.35498595237731934,-0.1399097442626953,0.35498595237731934,0.0,0.9999998807907104,0.0,1.0,0.0,0.0,0.0,0.0,0.0
layer2.0.conv2.module,neg_04,-0.08806324005126953,0.1578991413116455,-0.08806324005126953,0.1578991413116455,0.0,1.0,0.0,1.0,0.0,0.0,0.0,0.0,0.0
layer2.0.conv2.module,pos_04,-0.08806324005126953,0.1578991413116455,-0.08806324005126953,0.1578991413116455,0.0,1.0,0.0,1.0,0.0,0.0,0.0,0.0,0.0
layer2.0.downsample.0.module,neg_04,-0.02349998615682125,0.12518039345741272,-0.02349998615682125,0.12518039345741272,0.0,1.0000001192092896,0.0,1.0,0.0,0.0,0.0,0.0,0.0
layer2.0.downsample.0.module,pos_04,-0.02349998615682125,0.12518039345741272,-0.02349998615682125,0.12518039345741272,0.0,1.0000001192092896,0.0,1.0,0.0,0.0,0.0,0.0,0.0
layer2.1.conv1.module,neg_04,-0.15898117423057556,0.268816739320755,-0.15898117423057556,0.268816739320755,0.0,1.0,0.0,1.0,0.0,0.0,0.0,0.0,0.0
layer2.1.conv1.module,pos_04,-0.15898117423057556,0.268816739320755,-0.15898117423057556,0.268816739320755,0.0,1.0,0.0,1.0,0.0,0.0,0.0,0.0,0.0
layer2.1.conv2.module,neg_04,-0.031345393508672714,0.07096490263938904,-0.031345393508672714,0.07096490263938904,0.0,0.9999998807907104,0.0,1.0,0.0,0.0,0.0,0.0,0.0
layer2.1.conv2.module,pos_04,-0.031345393508672714,0.07096490263938904,-0.031345393508672714,0.07096490263938904,0.0,0.9999998807907104,0.0,1.0,0.0,0.0,0.0,0.0,0.0
layer3.0.conv1.module,neg_04,-0.14959028363227844,0.2570202350616455,-0.14959028363227844,0.2570202350616455,0.0,1.0,0.0,1.0,0.0,0.0,0.0,0.0,0.0
layer3.0.conv1.module,pos_04,-0.14959028363227844,0.2570202350616455,-0.14959028363227844,0.2570202350616455,0.0,1.0,0.0,1.0,0.0,0.0,0.0,0.0,0.0
layer3.0.conv2.module,neg_04,-0.08531005680561066,0.12687323987483978,-0.08531005680561066,0.12687323987483978,0.0,1.0000001192092896,0.0,1.0,0.0,0.0,0.0,0.0,0.0
layer3.0.conv2.module,pos_04,-0.08531005680561066,0.12687323987483978,-0.08531005680561066,0.12687323987483978,0.0,1.0000001192092896,0.0,1.0,0.0,0.0,0.0,0.0,0.0
layer3.0.downsample.0.module,neg_04,-0.03087228536605835,0.07384851574897766,-0.03087228536605835,0.07384851574897766,0.0,1.0000001192092896,0.0,1.0,0.0,0.0,0.0,0.0,0.0
layer3.0.downsample.0.module,pos_04,-0.03087228536605835,0.07384851574897766,-0.03087228536605835,0.07384851574897766,0.0,1.0000001192092896,0.0,1.0,0.0,0.0,0.0,0.0,0.0
layer3.1.conv1.module,neg_04,-0.08766120672225952,0.11717376857995987,-0.08766120672225952,0.11717376857995987,0.0,0.9999998807907104,0.0,1.0,0.0,0.0,0.0,0.0,0.0
layer3.1.conv1.module,pos_04,-0.08766120672225952,0.11717376857995987,-0.08766120672225952,0.11717376857995987,0.0,0.9999998807907104,0.0,1.0,0.0,0.0,0.0,0.0,0.0
layer3.1.conv2.module,neg_04,-0.03510396555066109,0.05325521156191826,-0.03510396555066109,0.05325521156191826,0.0,1.0,0.0,1.0,0.0,0.0,0.0,0.0,0.0
layer3.1.conv2.module,pos_04,-0.03510396555066109,0.05325521156191826,-0.03510396555066109,0.05325521156191826,0.0,1.0,0.0,1.0,0.0,0.0,0.0,0.0,0.0
layer4.0.conv1.module,neg_04,-0.050958119332790375,0.09194537997245789,-0.050958119332790375,0.09194537997245789,0.0,0.9999999403953552,0.0,1.0,0.0,0.0,0.0,0.0,0.0
layer4.0.conv1.module,pos_04,-0.050958119332790375,0.09194537997245789,-0.050958119332790375,0.09194537997245789,0.0,0.9999999403953552,0.0,1.0,0.0,0.0,0.0,0.0,0.0
layer4.0.conv2.module,neg_04,-0.01200998853892088,0.042401958256959915,-0.01200998853892088,0.042401958256959915,0.0,0.9999999403953552,0.0,1.0,0.0,0.0,0.0,0.0,0.0
layer4.0.conv2.module,pos_04,-0.01200998853892088,0.042401958256959915,-0.01200998853892088,0.042401958256959915,0.0,0.9999999403953552,0.0,1.0,0.0,0.0,0.0,0.0,0.0
layer4.0.downsample.0.module,neg_04,-0.010038907639682293,0.027604075148701668,-0.01398582011461258,0.03821231797337532,0.3858601152896881,0.999854564666748,-0.003946912474930286,1.384299874305725,0.15292108058929443,0.02249123528599739,0.0010461807250976562,0.0,0.0037355422973632812
layer4.0.downsample.0.module,pos_04,-0.010038907639682293,0.027604075148701668,-0.006091994233429432,0.017015963792800903,0.3858601152896881,0.9992629885673523,0.003946913406252861,0.6164293885231018,0.15292084217071533,0.022491231560707092,0.002429962158203125,0.0,0.0037355422973632812
layer4.1.conv1.module,neg_04,-0.070984847843647,0.13096971809864044,-0.11829426884651184,0.19344192743301392,0.5309368968009949,0.9969398379325867,-0.04730942100286484,1.4769973754882812,0.8485472202301025,0.16032248735427856,0.030340194702148438,0.0,0.14263153076171875
layer4.1.conv1.module,pos_04,-0.070984847843647,0.13096971809864044,-0.035082973539829254,0.07649372518062592,0.4416680335998535,0.9948909282684326,0.03590187430381775,0.584056556224823,0.7166829705238342,0.13443341851234436,0.04046154022216797,0.0,0.060133934020996094
layer4.1.conv2.module,neg_04,-0.003310760483145714,0.027034712955355644,-0.007557509001344442,0.04921729862689972,0.8431806564331055,0.9931532144546509,-0.0042467485181987286,1.8205223083496094,0.21022358536720276,0.04580570384860039,0.0254058837890625,0.0,0.32189273834228516
layer4.1.conv2.module,pos_04,-0.003310760483145714,0.027034712955355644,-0.0009381469571962953,0.011532449163496494,0.5878187417984009,0.9827069044113159,0.0023726136423647404,0.4265792965888977,0.1360034942626953,0.031691115349531174,0.04337787628173828,0.0,0.061249732971191406
